<?xml version="1.0"?>
<!DOCTYPE module PUBLIC
        "-//Puppy Crawl//DTD Check Configuration 1.3//EN"
        "http://www.puppycrawl.com/dtds/configuration_1_1.dtd">

<!--

  Checkstyle configuration that checks the sun coding conventions from:

    - the Java Language Specification at
      http://java.sun.com/docs/books/jls/second_edition/html/index.html

    - the Sun Code Conventions at http://java.sun.com/docs/codeconv/

    - the Javadoc guidelines at
      http://java.sun.com/j2se/javadoc/writingdoccomments/index.html

    - the JDK Api documentation http://java.sun.com/j2se/docs/api/index.html

    - some best practices

  Checkstyle is very configurable. Be sure to read the documentation at
  http://checkstyle.sf.net (or in your downloaded distribution).

  Most Checks are configurable, be sure to consult the documentation.

  To completely disable a check, just comment it out or delete it from the file.

  Finally, it is worth reading the documentation.
-->

<module name="Checker">

    <property name="charset" value="UTF-8"/>
    <property name="fileExtensions" value="java, xml, properties"/>

    <!-- Checks whether files end with a new line.                        -->
    <!-- See http://checkstyle.sf.net/config_misc.html#NewlineAtEndOfFile -->
    <module name="NewlineAtEndOfFile"/>

    <!-- Checks that property files contain the same keys.         -->
    <!-- See http://checkstyle.sf.net/config_misc.html#Translation -->
    <module name="Translation"/>

    <!-- Checks properties files for duplicated properties.         -->
    <!-- See http://checkstyle.sourceforge.net/config_misc.html#UniqueProperties -->
    <module name="UniqueProperties"/>

    <!-- Following interprets the header file as regular expressions. -->
    <!-- See http://checkstyle.sourceforge.net/config_regexp.html     -->
    <module name="RegexpSingleline">
        <property name="format" value="\s+$"/>
        <property name="minimum" value="0"/>
        <property name="maximum" value="0"/>
        <property name="message" value="Line has trailing spaces."/>
    </module>

    <!-- Checks for Size Violations.                    -->
    <!-- See http://checkstyle.sf.net/config_sizes.html -->
    <module name="FileLength"/>

    <!-- Checks for whitespace                               -->
    <!-- See http://checkstyle.sf.net/config_whitespace.html -->
    <module name="FileTabCharacter"/>

    <module name="TreeWalker">

        <!-- This check controls the style with the usage of annotations. -->
        <!-- See http://checkstyle.sourceforge.net/config_annotation.html -->
        <module name="AnnotationLocation">
            <property name="allowSamelineMultipleAnnotations" value="false"/>
            <property name="allowSamelineSingleParameterlessAnnotation" value="true"/>
            <property name="allowSamelineParameterizedAnnotation" value="false"/>
        </module>
        <module name="AnnotationUseStyle">
            <!-- due to bugs in the checkstyle we are going to ignore element style for now -->
            <property name="elementStyle" value="ignore"/>
            <property name="trailingArrayComma" value="never"/>
            <property name="closingParens" value="never"/>
        </module>
        <module name="MissingDeprecated"/>
        <module name="MissingOverride"/>
        <module name="PackageAnnotation"/>

        <!-- Checks for blocks. You know, those {}'s         -->
        <!-- See http://checkstyle.sf.net/config_blocks.html -->
        <module name="AvoidNestedBlocks"/>
        <module name="EmptyBlock"/>
        <module name="EmptyCatchBlock"/>
        <module name="LeftCurly"/>
        <module name="NeedBraces"/>
        <module name="RightCurly"/>

        <!-- Checks for class design                         -->
        <!-- See http://checkstyle.sf.net/config_design.html -->
        <!--<module name="DesignForExtension"/>-->
        <module name="FinalClass"/>
        <module name="HideUtilityClassConstructor"/>
        <module name="InnerTypeLast"/>
        <module name="InterfaceIsType"/>
        <module name="MutableException"/>
        <module name="OneTopLevelClass"/>
        <module name="ThrowsCount"/>
        <module name="VisibilityModifier"/>

        <!-- Checks for common coding problems               -->
        <!-- See http://checkstyle.sf.net/config_coding.html -->
        <module name="AvoidInlineConditionals"/>
        <module name="CovariantEquals"/>
        <module name="DeclarationOrder">
            <!--All private constructors should be at the bottom-->
            <property name="ignoreConstructors" value="true"/>
        </module>
        <module name="DefaultComesLast"/>
        <module name="EmptyStatement"/>
        <module name="EqualsAvoidNull"/>
        <module name="EqualsHashCode"/>
        <module name="ExplicitInitialization"/>
        <module name="FallThrough"/>
        <module name="HiddenField">
            <property name="ignoreSetter" value="true"/>
            <property name="ignoreConstructorParameter" value="true"/>
        </module>
        <module name="IllegalCatch"/>
        <module name="IllegalInstantiation"/>
        <module name="IllegalThrows"/>
        <module name="IllegalToken"/>
        <module name="IllegalType"/>
        <module name="InnerAssignment"/>
        <module name="MagicNumber">
            <property name="severity" value="warning"/>
        </module>
        <module name="MissingSwitchDefault"/>
        <module name="ModifiedControlVariable"/>
        <module name="MultipleStringLiterals"/>
        <module name="MultipleVariableDeclarations"/>
        <module name="NestedForDepth"/>
        <module name="NestedIfDepth"/>
        <module name="NestedTryDepth"/>
        <module name="NoFinalizer"/>
        <module name="OneStatementPerLine"/>
        <module name="OverloadMethodsDeclarationOrder"/>
        <module name="PackageDeclaration"/>
        <module name="ParameterAssignment"/>
        <module name="ReturnCount"/>
        <module name="SimplifyBooleanExpression"/>
        <module name="SimplifyBooleanReturn"/>
        <module name="StringLiteralEquality"/>
        <module name="SuperClone"/>
        <module name="SuperFinalize"/>
        <module name="UnnecessaryParentheses"/>
        <module name="VariableDeclarationUsageDistance"/>

        <!-- Checks for Headers                                       -->
        <!-- See http://checkstyle.sourceforge.net/config_header.html -->
        <!-- Ignored                                                  -->

        <!-- Checks for imports                              -->
        <!-- See http://checkstyle.sf.net/config_import.html -->
        <module name="AvoidStarImport"/>
        <module name="AvoidStaticImport"/>
        <module name="IllegalImport"/> <!-- defaults to sun.* packages -->
        <module name="ImportOrder">
            <property name="groups" value="java,javax,com,*"/>
            <property name="ordered" value="true"/>
            <property name="option" value="bottom"/>
            <property name="separated" value="true"/>
            <property name="sortStaticImportsAlphabetically" value="true"/>
        </module>
        <module name="RedundantImport"/>
        <module name="UnusedImports"/>

        <!-- Checks for Javadoc comments.                     -->
        <!-- See http://checkstyle.sf.net/config_javadoc.html -->
        <module name="AtclauseOrder">
            <property name="tagOrder"
                      value="@author, @version, @param, @return, @throws, @exception, @see, @since, @serial, @serialField, @serialData, @deprecated"/>
            <property name="target" value="CLASS_DEF, INTERFACE_DEF, ENUM_DEF, METHOD_DEF, CTOR_DEF, VARIABLE_DEF"/>
        </module>
        <module name="JavadocMethod"/>
        <module name="JavadocParagraph"/>
        <module name="JavadocStyle">
            <property name="checkFirstSentence" value="false"/>
            <property name="checkEmptyJavadoc" value="true"/>
            <!-- As of 5.6 this fails the build if you have arbitrary XML in your javadoc. -->
            <property name="checkHtml" value="false"/>
        </module>
        <module name="JavadocTagContinuationIndentation">
            <property name="offset" value="4"/>
        </module>
        <module name="JavadocType"/>
        <module name="JavadocVariable"/>
        <module name="NonEmptyAtclauseDescription"/>
        <module name="SingleLineJavadoc"/>
        <module name="SummaryJavadocCheck"/>

        <!-- Checks for Metrics -->
        <!--See http://checkstyle.sourceforge.net/config_metrics.html-->
        <module name="BooleanExpressionComplexity"/>
        <module name="ClassDataAbstractionCoupling"/>
        <module name="ClassFanOutComplexity"/>
        <module name="CyclomaticComplexity"/>
        <module name="JavaNCSS"/>
        <module name="NPathComplexity"/>

        <!-- Miscellaneous other checks.                   -->
        <!-- See http://checkstyle.sf.net/config_misc.html -->
        <module name="ArrayTypeStyle"/>
        <module name="CommentsIndentation"/>
        <!--<module name="FinalParameters"/>-->
        <module name="Indentation"/>
        <module name="OuterTypeFilename"/>
        <module name="TodoComment">
            <property name="severity" value="warning"/>
        </module>
        <module name="TrailingComment"/>
        <module name="UncommentedMain"/>
        <module name="UpperEll"/>

        <!-- Modifier Checks                                    -->
        <!-- See http://checkstyle.sf.net/config_modifiers.html -->
        <module name="ModifierOrder"/>
        <module name="RedundantModifier"/>

        <!-- Checks for Naming Conventions.                  -->
        <!-- See http://checkstyle.sf.net/config_naming.html -->
        <module name="AbbreviationAsWordInName"/>
        <module name="AbstractClassName"/>
        <module name="CatchParameterName"/>
        <module name="ClassTypeParameterName"/>
        <module name="ConstantName"/>
        <module name="InterfaceTypeParameterName"/>
        <module name="LocalFinalVariableName"/>
        <module name="LocalVariableName"/>
        <module name="MemberName"/>
        <module name="MethodName">
            <property name="format" value="^[a-z][a-zA-Z0-9]*(_*[0-9]*)*$"/>
        </module>
        <module name="MethodTypeParameterName"/>
        <module name="PackageName"/>
        <module name="ParameterName"/>
        <module name="StaticVariableName"/>
        <module name="TypeName">
            <property name="format" value="^([A-Z][a-zA-Z0-9]*)|([a-zA-Z0-9]+URLContextFactory)$"/>
        </module>

        <!-- Checks for Size Violations.                    -->
        <!-- See http://checkstyle.sf.net/config_sizes.html -->
        <module name="AnonInnerLength"/>
        <module name="ExecutableStatementCount"/>
        <module name="LineLength">
            <property name="max" value="200"/>
            <property name="ignorePattern" value="^import"/>
        </module>
        <module name="MethodCount"/>
        <module name="MethodLength">
            <property name="max" value="200"/>
        </module>
        <module name="OuterTypeNumber"/>
        <module name="ParameterNumber">
            <property name="max" value="12"/>
        </module>

        <!-- Checks for whitespace                               -->
        <!-- See http://checkstyle.sf.net/config_whitespace.html -->
        <module name="EmptyForInitializerPad"/>
        <module name="EmptyForIteratorPad"/>
        <module name="EmptyLineSeparator">
            <property name="allowMultipleEmptyLines" value="false"/>
        </module>
        <module name="GenericWhitespace"/>
        <module name="MethodParamPad"/>
        <module name="NoLineWrap"/>
        <module name="NoWhitespaceAfter"/>
        <module name="NoWhitespaceBefore"/>
        <module name="OperatorWrap"/>
        <module name="ParenPad"/>
        <module name="SeparatorWrap">
            <property name="tokens" value="DOT"/>
            <property name="option" value="nl"/>
        </module>
        <module name="TypecastParenPad"/>
        <module name="WhitespaceAfter"/>
        <module name="WhitespaceAround">
        </module>

        <!-- Required by SuppressionCommentFilter -->
        <module name="FileContentsHolder"/>
    </module>

    <!--
    http://stackoverflow.com/questions/4023185/how-to-disable-a-particular-checkstyle-rule-for-a-particular-line-of-code
    Allows checkstyle to be disabled using comments

    e.g.

    //CHECKSTYLE.OFF: IllegalCatch - Much more readable than catching 7 exceptions
    catch (Exception e)
    //CHECKSTYLE.ON: IllegalCatch
    -->
    <module name="SuppressionCommentFilter">
        <property name="offCommentFormat" value="CHECKSTYLE.OFF\: ([\w\|]+)"/>
        <property name="onCommentFormat" value="CHECKSTYLE.ON\: ([\w\|]+)"/>
        <property name="checkFormat" value="$1"/>
    </module>

    <!-- Configuration for suppressions-->
    <module name="SuppressionFilter">
        <property name="file" value="./checkstyle-suppressions.xml"/>
    </module>

</module>
